,file_name,ZP,state
264,Blast_PCRM_R14-0392a.BMP,2,0
304,Blast_PCRM_R16-0247A.BMP,4,0
26,24_3BA.jpeg,3,0
24,22_4BB.jpeg,4,0
183,Blast_PCRM_R13-0129b.BMP,3,0
25,23_3CA.jpeg,3,0
294,Blast_PCRM_R16-0191A.BMP,2,0
20,18_4AA.jpg,4,0
59,IMAGE (15).jpg,3,0
283,Blast_PCRM_R16-0099b.BMP,4,0
339,Blast_PCRM_1202591 D5.BMP,3,0
83,IMAGE (39).jpg,3,0
102,IMAGE (58).jpg,2,0
100,IMAGE (56).jpg,3,0
353,Blast_PCRM_d5.16.BMP,3,0
347,Blast_PCRM_d5.2 right.BMP,2,0
355,Blast_PCRM_d5.22.BMP,2,0
69,IMAGE (25).jpg,3,0
345,Blast_PCRM_d5.1.BMP,3,0
57,IMAGE (13).jpg,4,0
225,Blast_PCRM_R14-0110.BMP,4,0
28,26_4CB.jpeg,4,0
16,14_4AA(R).jpg,4,0
2,2_4AA(R).jpg,4,0
274,Blast_PCRM_R16-0023a.BMP,4,0
33,31_3CB.jpeg,3,0
39,37_3BC.jpg,3,0
168,Blast_PCRM_R13-0058B.BMP,3,0
112,Blast_PCRM_R12-0173a.BMP,3,0
147,Blast_PCRM_R12-0508a.BMP,3,0
122,Blast_PCRM_R12-0268a.BMP,3,0
253,Blast_PCRM_R14-0354a.BMP,2,0
73,IMAGE (29).jpg,3,0
108,IMAGE (64).jpg,3,0
7,7_3AA.jpg,3,0
3,3_3AA.jpg,3,0
203,Blast_PCRM_R13-0325.BMP,2,0
250,Blast_PCRM_R14-0348a.BMP,4,0
211,Blast_PCRM_R13-0410b.BMP,2,0
161,Blast_PCRM_R13-0027.BMP,3,0
35,33_3AC.PNG,3,0
260,Blast_PCRM_R14-0374a.BMP,4,0
358,Blast_PCRM_d5.29.BMP,2,0
277,Blast_PCRM_R16-0048a.BMP,3,0
354,Blast_PCRM_d5.17.BMP,2,0
21,19_3AA.jpg,3,0
249,Blast_PCRM_R14-0342b.BMP,3,0
163,Blast_PCRM_R13-0044.BMP,3,0
143,Blast_PCRM_R12-0463b.BMP,2,0
66,IMAGE (22).jpg,4,0
287,Blast_PCRM_R16-0115b.BMP,4,0
67,IMAGE (23).jpg,3,0
351,Blast_PCRM_d5.13.BMP,2,0
243,Blast_PCRM_R14-0324b.BMP,2,0
311,Blast_PCRM_R16-0276A.BMP,3,0
157,Blast_PCRM_R13-0018a.BMP,3,0
261,Blast_PCRM_R14-0374b.BMP,4,0
63,IMAGE (19).jpg,4,0
105,IMAGE (61).jpg,3,0
8,6_4AA.jpg,4,0
299,Blast_PCRM_R16-0204A.BMP,3,0
313,Blast_PCRM_R16-0297B.BMP,2,0
91,IMAGE (47).jpg,3,0
233,Blast_PCRM_R14-0186.BMP,4,0
201,Blast_PCRM_R13-0312.BMP,3,0
286,Blast_PCRM_R16-0109b.BMP,3,0
148,Blast_PCRM_R12-0508b.BMP,4,0
230,Blast_PCRM_R14-0163.BMP,2,0
36,34_3CC.PNG,3,0
219,Blast_PCRM_R14-0044.BMP,2,0
291,Blast_PCRM_R16-0148a.BMP,2,0
92,IMAGE (48).jpg,3,0
61,IMAGE (17).jpg,3,0
150,Blast_PCRM_R13-0005.BMP,2,0
331,Blast_PCRM_2 x 2AB d5 left.BMP,2,0
196,Blast_PCRM_R13-0236b.BMP,4,0
77,IMAGE (33).jpg,3,0
298,Blast_PCRM_R16-0200A.BMP,3,0
153,Blast_PCRM_R13-0008B.BMP,2,0
173,Blast_PCRM_R13-0077A.BMP,3,0
357,Blast_PCRM_d5.26.BMP,4,0
48,IMAGE (4).jpg,3,0
258,Blast_PCRM_R14-0369a.BMP,2,0
98,IMAGE (54).jpg,2,0
200,Blast_PCRM_R13-0309b.BMP,2,0
352,Blast_PCRM_d5.14.BMP,4,0
84,IMAGE (40).jpg,3,0
166,Blast_PCRM_R13-0052B.BMP,2,0
272,Blast_PCRM_R14-0414b.BMP,4,0
114,Blast_PCRM_R12-0221a.BMP,3,0
133,Blast_PCRM_R12-0338a.BMP,2,0
316,Blast_PCRM_R16-0330A.BMP,3,0
45,IMAGE (1).jpg,4,0
247,Blast_PCRM_R14-0328b.BMP,3,0
268,Blast_PCRM_R14-0404a.BMP,3,0
184,Blast_PCRM_R13-0131.BMP,3,0
335,Blast_PCRM_1202043 D5.BMP,2,0
94,IMAGE (50).jpg,3,0
11,10_3AA.jpg,3,0
322,Blast_PCRM_R16-0398A.BMP,3,0
284,Blast_PCRM_R16-0106b.BMP,3,0
106,IMAGE (62).jpg,4,0
111,Blast_PCRM_R12-0160.BMP,4,0
325,Blast_PCRM_R16-0415A.BMP,2,0
221,Blast_PCRM_R14-0069a.BMP,3,0
248,Blast_PCRM_R14-0335a.BMP,3,0
141,Blast_PCRM_R12-0397b.BMP,2,0
6,5_4AA(R).jpg,4,0
17,15_4AB.jpg,4,0
170,Blast_PCRM_R13-0065B.BMP,2,0
223,Blast_PCRM_R14-0073.BMP,3,0
52,IMAGE (8).jpg,4,0
349,Blast_PCRM_d5.4.BMP,4,0
70,IMAGE (26).jpg,3,0
0,1_3AA.jpg,3,0
199,Blast_PCRM_R13-0298.BMP,4,0
127,Blast_PCRM_R12-0306b.BMP,2,0
202,Blast_PCRM_R13-0322b.BMP,3,0
29,27_4CB.jpeg,4,0
31,29_3CC.jpeg,3,0
256,Blast_PCRM_R14-0364a.BMP,4,0
341,Blast_PCRM_1202832 D6.BMP,3,0
216,Blast_PCRM_R13-0524.BMP,3,0
88,IMAGE (44).jpg,4,0
197,Blast_PCRM_R13-0237b.BMP,3,0
281,Blast_PCRM_R16-0091b.BMP,2,0
329,Blast_PCRM_T16-0325B.BMP,4,0
263,Blast_PCRM_R14-0388a.BMP,3,0
220,Blast_PCRM_R14-0068.BMP,2,0
47,IMAGE (3).jpg,2,0
89,IMAGE (45).jpg,4,0
75,IMAGE (31).jpg,3,0
213,Blast_PCRM_R13-0459.BMP,2,0
326,Blast_PCRM_R16-0421A.BMP,4,0
215,Blast_PCRM_R13-0507a.BMP,3,0
30,28_4CC.jpeg,4,0
165,Blast_PCRM_R13-0052A.BMP,2,0
266,Blast_PCRM_R14-0396c.BMP,4,0
191,Blast_PCRM_R13-0218a.BMP,2,0
194,Blast_PCRM_R13-0235b.BMP,2,0
228,Blast_PCRM_R14-0118.BMP,3,0
53,IMAGE (9).jpg,4,0
262,Blast_PCRM_R14-0379.BMP,3,0
236,Blast_PCRM_R14-0239.BMP,4,0
49,IMAGE (5).jpg,3,0
138,Blast_PCRM_R12-0358a.BMP,3,0
257,Blast_PCRM_R14-0367b.BMP,2,0
55,IMAGE (11).jpg,3,0
130,Blast_PCRM_R12-0316b.BMP,4,0
42,40_3CC.jpg,3,0
56,IMAGE (12).jpg,3,0
167,Blast_PCRM_R13-0057A.BMP,3,0
134,Blast_PCRM_R12-0338b.BMP,2,0
192,Blast_PCRM_R13-0232.BMP,4,0
129,Blast_PCRM_R12-0316a.BMP,3,0
232,Blast_PCRM_R14-0180.BMP,3,0
125,Blast_PCRM_R12-0296.BMP,4,0
297,Blast_PCRM_R16-0199A.BMP,3,0
280,Blast_PCRM_R16-0090a.BMP,3,0
337,Blast_PCRM_1202183 D5.BMP,3,0
175,Blast_PCRM_R13-0079A.BMP,3,0
217,Blast_PCRM_R13-0564.BMP,4,0
336,Blast_PCRM_1202182 D5.BMP,4,0
151,Blast_PCRM_R13-0006A.BMP,2,0
285,Blast_PCRM_R16-0108a.BMP,3,0
312,Blast_PCRM_R16-0294A.BMP,3,0
113,Blast_PCRM_R12-0173b.BMP,2,0
275,Blast_PCRM_R16-0030b.BMP,3,0
207,Blast_PCRM_R13-0383b.BMP,2,0
81,IMAGE (37).jpg,3,0
214,Blast_PCRM_R13-0494a.BMP,3,0
87,IMAGE (43).jpg,3,0
323,Blast_PCRM_R16-0404B.BMP,4,0
14,13_2AA.jpg,2,0
279,Blast_PCRM_R16-0075a.BMP,2,0
208,Blast_PCRM_R13-0385b.BMP,3,0
309,Blast_PCRM_R16-0270A.BMP,3,0
121,Blast_PCRM_R12-0266.BMP,4,0
333,Blast_PCRM_1201754 D5.BMP,2,0
190,Blast_PCRM_R13-0167b.BMP,2,0
226,Blast_PCRM_R14-0114.BMP,2,0
50,IMAGE (6).jpg,3,0
123,Blast_PCRM_R12-0268b.BMP,3,0
32,30_4AA.jpeg,4,0
46,IMAGE (2).jpg,3,0
180,Blast_PCRM_R13-0090.BMP,3,0
241,Blast_PCRM_R14-0323.BMP,4,0
85,IMAGE (41).jpg,3,0
342,Blast_PCRM_1202833 D5.BMP,3,0
324,Blast_PCRM_R16-0405B.BMP,3,0
72,IMAGE (28).jpg,3,0
185,Blast_PCRM_R13-0140a.BMP,3,0
128,Blast_PCRM_R12-0315.BMP,3,0
64,IMAGE (20).jpg,3,0
1,2_2AA(L).jpg,2,0
79,IMAGE (35).jpg,3,0
172,Blast_PCRM_R13-0074B.BMP,2,0
229,Blast_PCRM_R14-0121.BMP,4,0
159,Blast_PCRM_R13-0022.BMP,2,0
154,Blast_PCRM_R13-0009A.BMP,3,0
271,Blast_PCRM_R14-0411a.BMP,4,0
292,Blast_PCRM_R16-0157a.BMP,4,0
43,41_4AC.jpg,4,0
295,Blast_PCRM_R16-0195A.BMP,4,0
107,IMAGE (63).jpg,3,0
80,IMAGE (36).jpg,4,0
231,Blast_PCRM_R14-0175.BMP,4,0
270,Blast_PCRM_R14-0409b.BMP,3,0
234,Blast_PCRM_R14-0214.BMP,4,0
302,Blast_PCRM_R16-0233B.BMP,2,0
210,Blast_PCRM_R13-0410a.BMP,2,0
195,Blast_PCRM_R13-0236a.BMP,4,0
144,Blast_PCRM_R12-0464b.BMP,2,0
251,Blast_PCRM_R14-0351.BMP,3,0
319,Blast_PCRM_R16-0344A.BMP,2,0
40,38_3CB.jpg,3,0
188,Blast_PCRM_R13-0163.BMP,3,0
65,IMAGE (21).jpg,3,0
176,Blast_PCRM_R13-0079B.BMP,3,0
308,Blast_PCRM_R16-0265B.BMP,4,0
86,IMAGE (42).jpg,3,0
96,IMAGE (52).jpg,3,0
278,Blast_PCRM_R16-0071b.BMP,4,0
164,Blast_PCRM_R13-0051A.BMP,3,0
68,IMAGE (24).jpg,4,0
252,Blast_PCRM_R14-0353a.BMP,4,0
181,Blast_PCRM_R13-0097.BMP,3,0
328,Blast_PCRM_R16-0448A.BMP,3,0
189,Blast_PCRM_R13-0167a.BMP,2,0
186,Blast_PCRM_R13-0140b.BMP,3,0
135,Blast_PCRM_R12-0347a.BMP,3,0
15,14_4AA(L).jpg,4,0
158,Blast_PCRM_R13-0019.BMP,3,0
179,Blast_PCRM_R13-0083.BMP,4,0
145,Blast_PCRM_R12-0499a.BMP,3,0
242,Blast_PCRM_R14-0324a.BMP,3,0
146,Blast_PCRM_R12-0499b.BMP,3,0
97,IMAGE (53).jpg,3,0
177,Blast_PCRM_R13-0081A.BMP,2,0
269,Blast_PCRM_R14-0405b.BMP,2,0
344,Blast_PCRM_1202835 D6.BMP,3,0
321,Blast_PCRM_R16-0367B.BMP,3,0
136,Blast_PCRM_R12-0348a.BMP,4,0
93,IMAGE (49).jpg,3,0
245,Blast_PCRM_R14-0327a.BMP,2,0
356,Blast_PCRM_d5.24.BMP,4,0
288,Blast_PCRM_R16-0133a.BMP,4,0
137,Blast_PCRM_R12-0354.BMP,4,0
18,16_4AB.jpg,4,0
118,Blast_PCRM_R12-0236.BMP,3,0
305,Blast_PCRM_R16-0247B.BMP,2,0
246,Blast_PCRM_R14-0328a.BMP,3,0
41,39_3CB.jpg,3,0
76,IMAGE (32).jpg,3,0
296,Blast_PCRM_R16-0198A.BMP,2,0
23,21_4BB.jpeg,4,0
340,Blast_PCRM_1202695 D5.BMP,2,0
306,Blast_PCRM_R16-0253A.BMP,3,0
327,Blast_PCRM_R16-0437B.BMP,4,0
132,Blast_PCRM_R12-0335.BMP,3,0
206,Blast_PCRM_R13-0383a.BMP,3,0
126,Blast_PCRM_R12-0306a.BMP,3,0
187,Blast_PCRM_R13-0145.BMP,4,0
51,IMAGE (7).jpg,4,0
182,Blast_PCRM_R13-0127.BMP,4,0
343,Blast_PCRM_1202834 D5.BMP,3,0
90,IMAGE (46).jpg,3,0
338,Blast_PCRM_1202184 D5.BMP,3,0
238,Blast_PCRM_R14-0294.BMP,3,0
37,35_3AB.jpg,3,0
303,Blast_PCRM_R16-0244A.BMP,3,0
12,11_4AA.jpg,4,0
178,Blast_PCRM_R13-0081B.BMP,3,0
124,Blast_PCRM_R12-0293a.BMP,2,0
140,Blast_PCRM_R12-0397a.BMP,4,0
205,Blast_PCRM_R13-0351.BMP,3,0
204,Blast_PCRM_R13-0348.BMP,3,0
139,Blast_PCRM_R12-0358b.BMP,2,0
19,17_3AA.jpg,3,0
169,Blast_PCRM_R13-0065A.BMP,2,0
237,Blast_PCRM_R14-0273.BMP,2,0
289,Blast_PCRM_R16-0138a.BMP,4,0
193,Blast_PCRM_R13-0235a.BMP,3,0
222,Blast_PCRM_R14-0070.BMP,2,0
13,12_4AA.jpg,4,0
5,5_3AA(L).jpg,3,0
120,Blast_PCRM_R12-0259.BMP,3,0
212,Blast_PCRM_R13-0447a.BMP,2,0
171,Blast_PCRM_R13-0073A.BMP,3,0
103,IMAGE (59).jpg,3,0
301,Blast_PCRM_R16-0228B.BMP,3,0
218,Blast_PCRM_R14-0033.BMP,2,0
348,Blast_PCRM_d5.3.BMP,3,0
307,Blast_PCRM_R16-0255A.BMP,3,0
334,Blast_PCRM_1202041 D5.BMP,2,0
315,Blast_PCRM_R16-0326B.BMP,3,0
160,Blast_PCRM_R13-0026.BMP,4,0
99,IMAGE (55).jpg,3,0
38,36_3BC.jpg,3,0
119,Blast_PCRM_R12-0254b.BMP,3,0
71,IMAGE (27).jpg,4,0
235,Blast_PCRM_R14-0238.BMP,2,0
267,Blast_PCRM_R14-0402b.BMP,3,0
314,Blast_PCRM_R16-0325B.BMP,2,0
198,Blast_PCRM_R13-0261.BMP,2,0
156,Blast_PCRM_R13-0014A.BMP,2,1
116,Blast_PCRM_R12-0223a.BMP,4,1
60,IMAGE (16).jpg,4,1
62,IMAGE (18).jpg,3,1
310,Blast_PCRM_R16-0274A.BMP,3,1
332,Blast_PCRM_2 x 2AB d5 right.BMP,2,1
318,Blast_PCRM_R16-0342A.BMP,3,1
44,42_4BC.jpg,4,1
54,IMAGE (10).jpg,3,1
149,Blast_PCRM_R12-0519b.BMP,3,1
82,IMAGE (38).jpg,3,1
95,IMAGE (51).jpg,4,1
259,Blast_PCRM_R14-0370a.BMP,4,1
142,Blast_PCRM_R12-0463a.BMP,2,1
209,Blast_PCRM_R13-0393.BMP,4,1
346,Blast_PCRM_d5.2 left.BMP,2,1
27,25_3BA.jpeg,3,1
58,IMAGE (14).jpg,4,1
240,Blast_PCRM_R14-0302.BMP,2,1
273,Blast_PCRM_R14-0423a.BMP,4,1
74,IMAGE (30).jpg,3,1
152,Blast_PCRM_R13-0006B.BMP,3,1
293,Blast_PCRM_R16-0173a.BMP,4,1
34,32_3CC.jpeg,3,1
224,Blast_PCRM_R14-0090.BMP,3,1
227,Blast_PCRM_R14-0116.BMP,3,1
131,Blast_PCRM_R12-0326b.BMP,3,1
10,9_3AB.jpg,3,1
320,Blast_PCRM_R16-0347A.BMP,2,1
282,Blast_PCRM_R16-0099a.BMP,4,1
317,Blast_PCRM_R16-0336A.BMP,3,1
22,20_3AA.jpg,3,1
109,IMAGE (65).jpg,4,1
174,Blast_PCRM_R13-0077B.BMP,2,1
110,Blast_PCRM_R12-0137.BMP,4,1
290,Blast_PCRM_R16-0138b.BMP,4,1
244,Blast_PCRM_R14-0326b.BMP,3,1
276,Blast_PCRM_R16-0037a.BMP,2,1
4,4_3AA.jpg,2,1
330,Blast_PCRM_T16-0326B.BMP,3,1
9,8_2AA.jpg,2,1
254,Blast_PCRM_R14-0362a.BMP,3,1
162,Blast_PCRM_R13-0036B.BMP,2,1
104,IMAGE (60).jpg,3,1
300,Blast_PCRM_R16-0228A.BMP,4,1
255,Blast_PCRM_R14-0362b.BMP,3,1
101,IMAGE (57).jpg,3,1
239,Blast_PCRM_R14-0296.BMP,2,1
350,Blast_PCRM_d5.12.BMP,3,1
115,Blast_PCRM_R12-0221b.BMP,3,1
155,Blast_PCRM_R13-0009B.BMP,2,1
117,Blast_PCRM_R12-0223b.BMP,3,1
265,Blast_PCRM_R14-0394a.BMP,3,1
78,IMAGE (34).jpg,3,1
